perf_key,plyrid,seg_start,seg_duration
0,0,0,3.0
0,0,3,3.0
0,0,6,3.0
0,0,9,3.0
0,0,12,3.0
0,0,15,3.0
0,0,18,3.0
0,0,21,3.0
0,0,24,3.0
0,0,27,3.0
1,0,0,3.0
1,0,3,3.0
1,0,6,3.0
1,0,9,3.0
1,0,12,3.0
1,0,15,3.0
1,0,18,3.0
1,0,21,3.0
1,0,24,3.0
1,0,27,3.0
2,0,0,3.0
2,0,3,3.0
2,0,6,3.0
2,0,9,3.0
2,0,12,3.0
2,0,15,3.0
2,0,18,3.0
2,0,21,3.0
2,0,24,3.0
2,0,27,3.0
3,0,0,3.0
3,0,3,3.0
3,0,6,3.0
3,0,9,3.0
3,0,12,3.0
3,0,15,3.0
3,0,18,3.0
3,0,21,3.0
3,0,24,3.0
3,0,27,3.0
4,0,0,3.0
4,0,3,3.0
4,0,6,3.0
4,0,9,3.0
4,0,12,3.0
4,0,15,3.0
4,0,18,3.0
4,0,21,3.0
4,0,24,3.0
4,0,27,3.0
5,0,0,3.0
5,0,3,3.0
5,0,6,3.0
5,0,9,3.0
5,0,12,3.0
5,0,15,3.0
5,0,18,3.0
5,0,21,3.0
5,0,24,3.0
5,0,27,3.0
6,0,0,3.0
6,0,3,3.0
6,0,6,3.0
6,0,9,3.0
6,0,12,3.0
6,0,15,3.0
6,0,18,3.0
6,0,21,3.0
6,0,24,3.0
6,0,27,3.0
7,0,0,3.0
7,0,3,3.0
7,0,6,3.0
7,0,9,3.0
7,0,12,3.0
7,0,15,3.0
7,0,18,3.0
7,0,21,3.0
7,0,24,3.0
7,0,27,3.0
8,0,0,3.0
8,0,3,3.0
8,0,6,3.0
8,0,9,3.0
8,0,12,3.0
8,0,15,3.0
8,0,18,3.0
8,0,21,3.0
8,0,24,3.0
8,0,27,3.0
9,0,0,3.0
9,0,3,3.0
9,0,6,3.0
9,0,9,3.0
9,0,12,3.0
9,0,15,3.0
9,0,18,3.0
9,0,21,3.0
9,0,24,3.0
9,0,27,3.0
10,1,0,3.0
10,1,3,3.0
10,1,6,3.0
10,1,9,3.0
10,1,12,3.0
10,1,15,3.0
10,1,18,3.0
10,1,21,3.0
10,1,24,3.0
10,1,27,3.0
11,1,0,3.0
11,1,3,3.0
11,1,6,3.0
11,1,9,3.0
11,1,12,3.0
11,1,15,3.0
11,1,18,3.0
11,1,21,3.0
11,1,24,3.0
11,1,27,3.0
12,1,0,3.0
12,1,3,3.0
12,1,6,3.0
12,1,9,3.0
12,1,12,3.0
12,1,15,3.0
12,1,18,3.0
12,1,21,3.0
12,1,24,3.0
12,1,27,3.0
13,1,0,3.0
13,1,3,3.0
13,1,6,3.0
13,1,9,3.0
13,1,12,3.0
13,1,15,3.0
13,1,18,3.0
13,1,21,3.0
13,1,24,3.0
13,1,27,3.0
14,1,0,3.0
14,1,3,3.0
14,1,6,3.0
14,1,9,3.0
14,1,12,3.0
14,1,15,3.0
14,1,18,3.0
14,1,21,3.0
14,1,24,3.0
14,1,27,3.0
15,1,0,3.0
15,1,3,3.0
15,1,6,3.0
15,1,9,3.0
15,1,12,3.0
15,1,15,3.0
15,1,18,3.0
15,1,21,3.0
15,1,24,3.0
15,1,27,3.0
16,1,0,3.0
16,1,3,3.0
16,1,6,3.0
16,1,9,3.0
16,1,12,3.0
16,1,15,3.0
16,1,18,3.0
16,1,21,3.0
16,1,24,3.0
16,1,27,3.0
17,1,0,3.0
17,1,3,3.0
17,1,6,3.0
17,1,9,3.0
17,1,12,3.0
17,1,15,3.0
17,1,18,3.0
17,1,21,3.0
17,1,24,3.0
17,1,27,3.0
18,1,0,3.0
18,1,3,3.0
18,1,6,3.0
18,1,9,3.0
18,1,12,3.0
18,1,15,3.0
18,1,18,3.0
18,1,21,3.0
18,1,24,3.0
18,1,27,3.0
19,1,0,3.0
19,1,3,3.0
19,1,6,3.0
19,1,9,3.0
19,1,12,3.0
19,1,15,3.0
19,1,18,3.0
19,1,21,3.0
19,1,24,3.0
19,1,27,3.0
20,2,0,3.0
20,2,3,3.0
20,2,6,3.0
20,2,9,3.0
20,2,12,3.0
20,2,15,3.0
20,2,18,3.0
20,2,21,3.0
20,2,24,3.0
20,2,27,3.0
21,2,0,3.0
21,2,3,3.0
21,2,6,3.0
21,2,9,3.0
21,2,12,3.0
21,2,15,3.0
21,2,18,3.0
21,2,21,3.0
21,2,24,3.0
21,2,27,3.0
22,2,0,3.0
22,2,3,3.0
22,2,6,3.0
22,2,9,3.0
22,2,12,3.0
22,2,15,3.0
22,2,18,3.0
22,2,21,3.0
22,2,24,3.0
22,2,27,3.0
23,2,0,3.0
23,2,3,3.0
23,2,6,3.0
23,2,9,3.0
23,2,12,3.0
23,2,15,3.0
23,2,18,3.0
23,2,21,3.0
23,2,24,3.0
23,2,27,3.0
24,2,0,3.0
24,2,3,3.0
24,2,6,3.0
24,2,9,3.0
24,2,12,3.0
24,2,15,3.0
24,2,18,3.0
24,2,21,3.0
24,2,24,3.0
24,2,27,3.0
25,2,0,3.0
25,2,3,3.0
25,2,6,3.0
25,2,9,3.0
25,2,12,3.0
25,2,15,3.0
25,2,18,3.0
25,2,21,3.0
25,2,24,3.0
25,2,27,3.0
26,2,0,3.0
26,2,3,3.0
26,2,6,3.0
26,2,9,3.0
26,2,12,3.0
26,2,15,3.0
26,2,18,3.0
26,2,21,3.0
26,2,24,3.0
26,2,27,3.0
27,2,0,3.0
27,2,3,3.0
27,2,6,3.0
27,2,9,3.0
27,2,12,3.0
27,2,15,3.0
27,2,18,3.0
27,2,21,3.0
27,2,24,3.0
27,2,27,3.0
28,2,0,3.0
28,2,3,3.0
28,2,6,3.0
28,2,9,3.0
28,2,12,3.0
28,2,15,3.0
28,2,18,3.0
28,2,21,3.0
28,2,24,3.0
28,2,27,3.0
29,2,0,3.0
29,2,3,3.0
29,2,6,3.0
29,2,9,3.0
29,2,12,3.0
29,2,15,3.0
29,2,18,3.0
29,2,21,3.0
29,2,24,3.0
29,2,27,3.0
30,3,0,3.0
30,3,3,3.0
30,3,6,3.0
30,3,9,3.0
30,3,12,3.0
30,3,15,3.0
30,3,18,3.0
30,3,21,3.0
30,3,24,3.0
30,3,27,3.0
31,3,0,3.0
31,3,3,3.0
31,3,6,3.0
31,3,9,3.0
31,3,12,3.0
31,3,15,3.0
31,3,18,3.0
31,3,21,3.0
31,3,24,3.0
31,3,27,3.0
32,3,0,3.0
32,3,3,3.0
32,3,6,3.0
32,3,9,3.0
32,3,12,3.0
32,3,15,3.0
32,3,18,3.0
32,3,21,3.0
32,3,24,3.0
32,3,27,3.0
33,3,0,3.0
33,3,3,3.0
33,3,6,3.0
33,3,9,3.0
33,3,12,3.0
33,3,15,3.0
33,3,18,3.0
33,3,21,3.0
33,3,24,3.0
33,3,27,3.0
34,3,0,3.0
34,3,3,3.0
34,3,6,3.0
34,3,9,3.0
34,3,12,3.0
34,3,15,3.0
34,3,18,3.0
34,3,21,3.0
34,3,24,3.0
34,3,27,3.0
35,3,0,3.0
35,3,3,3.0
35,3,6,3.0
35,3,9,3.0
35,3,12,3.0
35,3,15,3.0
35,3,18,3.0
35,3,21,3.0
35,3,24,3.0
35,3,27,3.0
36,3,0,3.0
36,3,3,3.0
36,3,6,3.0
36,3,9,3.0
36,3,12,3.0
36,3,15,3.0
36,3,18,3.0
36,3,21,3.0
36,3,24,3.0
36,3,27,3.0
37,3,0,3.0
37,3,3,3.0
37,3,6,3.0
37,3,9,3.0
37,3,12,3.0
37,3,15,3.0
37,3,18,3.0
37,3,21,3.0
37,3,24,3.0
37,3,27,3.0
38,3,0,3.0
38,3,3,3.0
38,3,6,3.0
38,3,9,3.0
38,3,12,3.0
38,3,15,3.0
38,3,18,3.0
38,3,21,3.0
38,3,24,3.0
38,3,27,3.0
39,3,0,3.0
39,3,3,3.0
39,3,6,3.0
39,3,9,3.0
39,3,12,3.0
39,3,15,3.0
39,3,18,3.0
39,3,21,3.0
39,3,24,3.0
39,3,27,3.0
40,4,0,3.0
40,4,3,3.0
40,4,6,3.0
40,4,9,3.0
40,4,12,3.0
40,4,15,3.0
40,4,18,3.0
40,4,21,3.0
40,4,24,3.0
40,4,27,3.0
41,4,0,3.0
41,4,3,3.0
41,4,6,3.0
41,4,9,3.0
41,4,12,3.0
41,4,15,3.0
41,4,18,3.0
41,4,21,3.0
41,4,24,3.0
41,4,27,3.0
42,4,0,3.0
42,4,3,3.0
42,4,6,3.0
42,4,9,3.0
42,4,12,3.0
42,4,15,3.0
42,4,18,3.0
42,4,21,3.0
42,4,24,3.0
42,4,27,3.0
43,4,0,3.0
43,4,3,3.0
43,4,6,3.0
43,4,9,3.0
43,4,12,3.0
43,4,15,3.0
43,4,18,3.0
43,4,21,3.0
43,4,24,3.0
43,4,27,3.0
44,4,0,3.0
44,4,3,3.0
44,4,6,3.0
44,4,9,3.0
44,4,12,3.0
44,4,15,3.0
44,4,18,3.0
44,4,21,3.0
44,4,24,3.0
44,4,27,3.0
45,4,0,3.0
45,4,3,3.0
45,4,6,3.0
45,4,9,3.0
45,4,12,3.0
45,4,15,3.0
45,4,18,3.0
45,4,21,3.0
45,4,24,3.0
45,4,27,3.0
46,4,0,3.0
46,4,3,3.0
46,4,6,3.0
46,4,9,3.0
46,4,12,3.0
46,4,15,3.0
46,4,18,3.0
46,4,21,3.0
46,4,24,3.0
46,4,27,3.0
47,4,0,3.0
47,4,3,3.0
47,4,6,3.0
47,4,9,3.0
47,4,12,3.0
47,4,15,3.0
47,4,18,3.0
47,4,21,3.0
47,4,24,3.0
47,4,27,3.0
48,4,0,3.0
48,4,3,3.0
48,4,6,3.0
48,4,9,3.0
48,4,12,3.0
48,4,15,3.0
48,4,18,3.0
48,4,21,3.0
48,4,24,3.0
48,4,27,3.0
49,4,0,3.0
49,4,3,3.0
49,4,6,3.0
49,4,9,3.0
49,4,12,3.0
49,4,15,3.0
49,4,18,3.0
49,4,21,3.0
49,4,24,3.0
49,4,27,3.0
50,5,0,3.0
50,5,3,3.0
50,5,6,3.0
50,5,9,3.0
50,5,12,3.0
50,5,15,3.0
50,5,18,3.0
50,5,21,3.0
50,5,24,3.0
50,5,27,3.0
51,5,0,3.0
51,5,3,3.0
51,5,6,3.0
51,5,9,3.0
51,5,12,3.0
51,5,15,3.0
51,5,18,3.0
51,5,21,3.0
51,5,24,3.0
51,5,27,3.0
52,5,0,3.0
52,5,3,3.0
52,5,6,3.0
52,5,9,3.0
52,5,12,3.0
52,5,15,3.0
52,5,18,3.0
52,5,21,3.0
52,5,24,3.0
52,5,27,3.0
53,5,0,3.0
53,5,3,3.0
53,5,6,3.0
53,5,9,3.0
53,5,12,3.0
53,5,15,3.0
53,5,18,3.0
53,5,21,3.0
53,5,24,3.0
53,5,27,3.0
54,5,0,3.0
54,5,3,3.0
54,5,6,3.0
54,5,9,3.0
54,5,12,3.0
54,5,15,3.0
54,5,18,3.0
54,5,21,3.0
54,5,24,3.0
54,5,27,3.0
55,5,0,3.0
55,5,3,3.0
55,5,6,3.0
55,5,9,3.0
55,5,12,3.0
55,5,15,3.0
55,5,18,3.0
55,5,21,3.0
55,5,24,3.0
55,5,27,3.0
56,5,0,3.0
56,5,3,3.0
56,5,6,3.0
56,5,9,3.0
56,5,12,3.0
56,5,15,3.0
56,5,18,3.0
56,5,21,3.0
56,5,24,3.0
56,5,27,3.0
57,5,0,3.0
57,5,3,3.0
57,5,6,3.0
57,5,9,3.0
57,5,12,3.0
57,5,15,3.0
57,5,18,3.0
57,5,21,3.0
57,5,24,3.0
57,5,27,3.0
58,5,0,3.0
58,5,3,3.0
58,5,6,3.0
58,5,9,3.0
58,5,12,3.0
58,5,15,3.0
58,5,18,3.0
58,5,21,3.0
58,5,24,3.0
58,5,27,3.0
59,5,0,3.0
59,5,3,3.0
59,5,6,3.0
59,5,9,3.0
59,5,12,3.0
59,5,15,3.0
59,5,18,3.0
59,5,21,3.0
59,5,24,3.0
59,5,27,3.0
60,6,0,3.0
60,6,3,3.0
60,6,6,3.0
60,6,9,3.0
60,6,12,3.0
60,6,15,3.0
60,6,18,3.0
60,6,21,3.0
60,6,24,3.0
60,6,27,3.0
61,6,0,3.0
61,6,3,3.0
61,6,6,3.0
61,6,9,3.0
61,6,12,3.0
61,6,15,3.0
61,6,18,3.0
61,6,21,3.0
61,6,24,3.0
61,6,27,3.0
62,6,0,3.0
62,6,3,3.0
62,6,6,3.0
62,6,9,3.0
62,6,12,3.0
62,6,15,3.0
62,6,18,3.0
62,6,21,3.0
62,6,24,3.0
62,6,27,3.0
63,6,0,3.0
63,6,3,3.0
63,6,6,3.0
63,6,9,3.0
63,6,12,3.0
63,6,15,3.0
63,6,18,3.0
63,6,21,3.0
63,6,24,3.0
63,6,27,3.0
64,6,0,3.0
64,6,3,3.0
64,6,6,3.0
64,6,9,3.0
64,6,12,3.0
64,6,15,3.0
64,6,18,3.0
64,6,21,3.0
64,6,24,3.0
64,6,27,3.0
65,6,0,3.0
65,6,3,3.0
65,6,6,3.0
65,6,9,3.0
65,6,12,3.0
65,6,15,3.0
65,6,18,3.0
65,6,21,3.0
65,6,24,3.0
65,6,27,3.0
66,6,0,3.0
66,6,3,3.0
66,6,6,3.0
66,6,9,3.0
66,6,12,3.0
66,6,15,3.0
66,6,18,3.0
66,6,21,3.0
66,6,24,3.0
66,6,27,3.0
67,6,0,3.0
67,6,3,3.0
67,6,6,3.0
67,6,9,3.0
67,6,12,3.0
67,6,15,3.0
67,6,18,3.0
67,6,21,3.0
67,6,24,3.0
67,6,27,3.0
68,6,0,3.0
68,6,3,3.0
68,6,6,3.0
68,6,9,3.0
68,6,12,3.0
68,6,15,3.0
68,6,18,3.0
68,6,21,3.0
68,6,24,3.0
68,6,27,3.0
69,6,0,3.0
69,6,3,3.0
69,6,6,3.0
69,6,9,3.0
69,6,12,3.0
69,6,15,3.0
69,6,18,3.0
69,6,21,3.0
69,6,24,3.0
69,6,27,3.0
70,7,0,3.0
70,7,3,3.0
70,7,6,3.0
70,7,9,3.0
70,7,12,3.0
70,7,15,3.0
70,7,18,3.0
70,7,21,3.0
70,7,24,3.0
70,7,27,3.0
71,7,0,3.0
71,7,3,3.0
71,7,6,3.0
71,7,9,3.0
71,7,12,3.0
71,7,15,3.0
71,7,18,3.0
71,7,21,3.0
71,7,24,3.0
71,7,27,3.0
72,7,0,3.0
72,7,3,3.0
72,7,6,3.0
72,7,9,3.0
72,7,12,3.0
72,7,15,3.0
72,7,18,3.0
72,7,21,3.0
72,7,24,3.0
72,7,27,3.0
73,7,0,3.0
73,7,3,3.0
73,7,6,3.0
73,7,9,3.0
73,7,12,3.0
73,7,15,3.0
73,7,18,3.0
73,7,21,3.0
73,7,24,3.0
73,7,27,3.0
74,7,0,3.0
74,7,3,3.0
74,7,6,3.0
74,7,9,3.0
74,7,12,3.0
74,7,15,3.0
74,7,18,3.0
74,7,21,3.0
74,7,24,3.0
74,7,27,3.0
75,7,0,3.0
75,7,3,3.0
75,7,6,3.0
75,7,9,3.0
75,7,12,3.0
75,7,15,3.0
75,7,18,3.0
75,7,21,3.0
75,7,24,3.0
75,7,27,3.0
76,7,0,3.0
76,7,3,3.0
76,7,6,3.0
76,7,9,3.0
76,7,12,3.0
76,7,15,3.0
76,7,18,3.0
76,7,21,3.0
76,7,24,3.0
76,7,27,3.0
77,7,0,3.0
77,7,3,3.0
77,7,6,3.0
77,7,9,3.0
77,7,12,3.0
77,7,15,3.0
77,7,18,3.0
77,7,21,3.0
77,7,24,3.0
77,7,27,3.0
78,7,0,3.0
78,7,3,3.0
78,7,6,3.0
78,7,9,3.0
78,7,12,3.0
78,7,15,3.0
78,7,18,3.0
78,7,21,3.0
78,7,24,3.0
78,7,27,3.0
79,7,0,3.0
79,7,3,3.0
79,7,6,3.0
79,7,9,3.0
79,7,12,3.0
79,7,15,3.0
79,7,18,3.0
79,7,21,3.0
79,7,24,3.0
79,7,27,3.0
80,8,0,3.0
80,8,3,3.0
80,8,6,3.0
80,8,9,3.0
80,8,12,3.0
80,8,15,3.0
80,8,18,3.0
80,8,21,3.0
80,8,24,3.0
80,8,27,3.0
81,8,0,3.0
81,8,3,3.0
81,8,6,3.0
81,8,9,3.0
81,8,12,3.0
81,8,15,3.0
81,8,18,3.0
81,8,21,3.0
81,8,24,3.0
81,8,27,3.0
82,8,0,3.0
82,8,3,3.0
82,8,6,3.0
82,8,9,3.0
82,8,12,3.0
82,8,15,3.0
82,8,18,3.0
82,8,21,3.0
82,8,24,3.0
82,8,27,3.0
83,8,0,3.0
83,8,3,3.0
83,8,6,3.0
83,8,9,3.0
83,8,12,3.0
83,8,15,3.0
83,8,18,3.0
83,8,21,3.0
83,8,24,3.0
83,8,27,3.0
84,8,0,3.0
84,8,3,3.0
84,8,6,3.0
84,8,9,3.0
84,8,12,3.0
84,8,15,3.0
84,8,18,3.0
84,8,21,3.0
84,8,24,3.0
84,8,27,3.0
85,8,0,3.0
85,8,3,3.0
85,8,6,3.0
85,8,9,3.0
85,8,12,3.0
85,8,15,3.0
85,8,18,3.0
85,8,21,3.0
85,8,24,3.0
85,8,27,3.0
86,8,0,3.0
86,8,3,3.0
86,8,6,3.0
86,8,9,3.0
86,8,12,3.0
86,8,15,3.0
86,8,18,3.0
86,8,21,3.0
86,8,24,3.0
86,8,27,3.0
87,8,0,3.0
87,8,3,3.0
87,8,6,3.0
87,8,9,3.0
87,8,12,3.0
87,8,15,3.0
87,8,18,3.0
87,8,21,3.0
87,8,24,3.0
87,8,27,3.0
88,8,0,3.0
88,8,3,3.0
88,8,6,3.0
88,8,9,3.0
88,8,12,3.0
88,8,15,3.0
88,8,18,3.0
88,8,21,3.0
88,8,24,3.0
88,8,27,3.0
89,8,0,3.0
89,8,3,3.0
89,8,6,3.0
89,8,9,3.0
89,8,12,3.0
89,8,15,3.0
89,8,18,3.0
89,8,21,3.0
89,8,24,3.0
89,8,27,3.0
90,9,0,3.0
90,9,3,3.0
90,9,6,3.0
90,9,9,3.0
90,9,12,3.0
90,9,15,3.0
90,9,18,3.0
90,9,21,3.0
90,9,24,3.0
90,9,27,3.0
91,9,0,3.0
91,9,3,3.0
91,9,6,3.0
91,9,9,3.0
91,9,12,3.0
91,9,15,3.0
91,9,18,3.0
91,9,21,3.0
91,9,24,3.0
91,9,27,3.0
92,9,0,3.0
92,9,3,3.0
92,9,6,3.0
92,9,9,3.0
92,9,12,3.0
92,9,15,3.0
92,9,18,3.0
92,9,21,3.0
92,9,24,3.0
92,9,27,3.0
93,9,0,3.0
93,9,3,3.0
93,9,6,3.0
93,9,9,3.0
93,9,12,3.0
93,9,15,3.0
93,9,18,3.0
93,9,21,3.0
93,9,24,3.0
93,9,27,3.0
94,9,0,3.0
94,9,3,3.0
94,9,6,3.0
94,9,9,3.0
94,9,12,3.0
94,9,15,3.0
94,9,18,3.0
94,9,21,3.0
94,9,24,3.0
94,9,27,3.0
95,9,0,3.0
95,9,3,3.0
95,9,6,3.0
95,9,9,3.0
95,9,12,3.0
95,9,15,3.0
95,9,18,3.0
95,9,21,3.0
95,9,24,3.0
95,9,27,3.0
96,9,0,3.0
96,9,3,3.0
96,9,6,3.0
96,9,9,3.0
96,9,12,3.0
96,9,15,3.0
96,9,18,3.0
96,9,21,3.0
96,9,24,3.0
96,9,27,3.0
97,9,0,3.0
97,9,3,3.0
97,9,6,3.0
97,9,9,3.0
97,9,12,3.0
97,9,15,3.0
97,9,18,3.0
97,9,21,3.0
97,9,24,3.0
97,9,27,3.0
98,9,0,3.0
98,9,3,3.0
98,9,6,3.0
98,9,9,3.0
98,9,12,3.0
98,9,15,3.0
98,9,18,3.0
98,9,21,3.0
98,9,24,3.0
98,9,27,3.0
99,9,0,3.0
99,9,3,3.0
99,9,6,3.0
99,9,9,3.0
99,9,12,3.0
99,9,15,3.0
99,9,18,3.0
99,9,21,3.0
99,9,24,3.0
99,9,27,3.0
100,10,0,3.0
100,10,3,3.0
100,10,6,3.0
100,10,9,3.0
100,10,12,3.0
100,10,15,3.0
100,10,18,3.0
100,10,21,3.0
100,10,24,3.0
100,10,27,3.0
101,10,0,3.0
101,10,3,3.0
101,10,6,3.0
101,10,9,3.0
101,10,12,3.0
101,10,15,3.0
101,10,18,3.0
101,10,21,3.0
101,10,24,3.0
101,10,27,3.0
102,10,0,3.0
102,10,3,3.0
102,10,6,3.0
102,10,9,3.0
102,10,12,3.0
102,10,15,3.0
102,10,18,3.0
102,10,21,3.0
102,10,24,3.0
102,10,27,3.0
103,10,0,3.0
103,10,3,3.0
103,10,6,3.0
103,10,9,3.0
103,10,12,3.0
103,10,15,3.0
103,10,18,3.0
103,10,21,3.0
103,10,24,3.0
103,10,27,3.0
104,10,0,3.0
104,10,3,3.0
104,10,6,3.0
104,10,9,3.0
104,10,12,3.0
104,10,15,3.0
104,10,18,3.0
104,10,21,3.0
104,10,24,3.0
104,10,27,3.0
105,10,0,3.0
105,10,3,3.0
105,10,6,3.0
105,10,9,3.0
105,10,12,3.0
105,10,15,3.0
105,10,18,3.0
105,10,21,3.0
105,10,24,3.0
105,10,27,3.0
106,10,0,3.0
106,10,3,3.0
106,10,6,3.0
106,10,9,3.0
106,10,12,3.0
106,10,15,3.0
106,10,18,3.0
106,10,21,3.0
106,10,24,3.0
106,10,27,3.0
107,10,0,3.0
107,10,3,3.0
107,10,6,3.0
107,10,9,3.0
107,10,12,3.0
107,10,15,3.0
107,10,18,3.0
107,10,21,3.0
107,10,24,3.0
107,10,27,3.0
108,10,0,3.0
108,10,3,3.0
108,10,6,3.0
108,10,9,3.0
108,10,12,3.0
108,10,15,3.0
108,10,18,3.0
108,10,21,3.0
108,10,24,3.0
108,10,27,3.0
109,10,0,3.0
109,10,3,3.0
109,10,6,3.0
109,10,9,3.0
109,10,12,3.0
109,10,15,3.0
109,10,18,3.0
109,10,21,3.0
109,10,24,3.0
109,10,27,3.0
110,11,0,3.0
110,11,3,3.0
110,11,6,3.0
110,11,9,3.0
110,11,12,3.0
110,11,15,3.0
110,11,18,3.0
110,11,21,3.0
110,11,24,3.0
110,11,27,3.0
111,11,0,3.0
111,11,3,3.0
111,11,6,3.0
111,11,9,3.0
111,11,12,3.0
111,11,15,3.0
111,11,18,3.0
111,11,21,3.0
111,11,24,3.0
111,11,27,3.0
112,11,0,3.0
112,11,3,3.0
112,11,6,3.0
112,11,9,3.0
112,11,12,3.0
112,11,15,3.0
112,11,18,3.0
112,11,21,3.0
112,11,24,3.0
112,11,27,3.0
113,11,0,3.0
113,11,3,3.0
113,11,6,3.0
113,11,9,3.0
113,11,12,3.0
113,11,15,3.0
113,11,18,3.0
113,11,21,3.0
113,11,24,3.0
113,11,27,3.0
114,11,0,3.0
114,11,3,3.0
114,11,6,3.0
114,11,9,3.0
114,11,12,3.0
114,11,15,3.0
114,11,18,3.0
114,11,21,3.0
114,11,24,3.0
114,11,27,3.0
115,11,0,3.0
115,11,3,3.0
115,11,6,3.0
115,11,9,3.0
115,11,12,3.0
115,11,15,3.0
115,11,18,3.0
115,11,21,3.0
115,11,24,3.0
115,11,27,3.0
116,11,0,3.0
116,11,3,3.0
116,11,6,3.0
116,11,9,3.0
116,11,12,3.0
116,11,15,3.0
116,11,18,3.0
116,11,21,3.0
116,11,24,3.0
116,11,27,3.0
117,11,0,3.0
117,11,3,3.0
117,11,6,3.0
117,11,9,3.0
117,11,12,3.0
117,11,15,3.0
117,11,18,3.0
117,11,21,3.0
117,11,24,3.0
117,11,27,3.0
118,11,0,3.0
118,11,3,3.0
118,11,6,3.0
118,11,9,3.0
118,11,12,3.0
118,11,15,3.0
118,11,18,3.0
118,11,21,3.0
118,11,24,3.0
118,11,27,3.0
119,11,0,3.0
119,11,3,3.0
119,11,6,3.0
119,11,9,3.0
119,11,12,3.0
119,11,15,3.0
119,11,18,3.0
119,11,21,3.0
119,11,24,3.0
119,11,27,3.0
120,12,0,3.0
120,12,3,3.0
120,12,6,3.0
120,12,9,3.0
120,12,12,3.0
120,12,15,3.0
120,12,18,3.0
120,12,21,3.0
120,12,24,3.0
120,12,27,3.0
121,12,0,3.0
121,12,3,3.0
121,12,6,3.0
121,12,9,3.0
121,12,12,3.0
121,12,15,3.0
121,12,18,3.0
121,12,21,3.0
121,12,24,3.0
121,12,27,3.0
122,12,0,3.0
122,12,3,3.0
122,12,6,3.0
122,12,9,3.0
122,12,12,3.0
122,12,15,3.0
122,12,18,3.0
122,12,21,3.0
122,12,24,3.0
122,12,27,3.0
123,12,0,3.0
123,12,3,3.0
123,12,6,3.0
123,12,9,3.0
123,12,12,3.0
123,12,15,3.0
123,12,18,3.0
123,12,21,3.0
123,12,24,3.0
123,12,27,3.0
124,12,0,3.0
124,12,3,3.0
124,12,6,3.0
124,12,9,3.0
124,12,12,3.0
124,12,15,3.0
124,12,18,3.0
124,12,21,3.0
124,12,24,3.0
124,12,27,3.0
125,12,0,3.0
125,12,3,3.0
125,12,6,3.0
125,12,9,3.0
125,12,12,3.0
125,12,15,3.0
125,12,18,3.0
125,12,21,3.0
125,12,24,3.0
125,12,27,3.0
126,12,0,3.0
126,12,3,3.0
126,12,6,3.0
126,12,9,3.0
126,12,12,3.0
126,12,15,3.0
126,12,18,3.0
126,12,21,3.0
126,12,24,3.0
126,12,27,3.0
127,12,0,3.0
127,12,3,3.0
127,12,6,3.0
127,12,9,3.0
127,12,12,3.0
127,12,15,3.0
127,12,18,3.0
127,12,21,3.0
127,12,24,3.0
127,12,27,3.0
128,12,0,3.0
128,12,3,3.0
128,12,6,3.0
128,12,9,3.0
128,12,12,3.0
128,12,15,3.0
128,12,18,3.0
128,12,21,3.0
128,12,24,3.0
128,12,27,3.0
129,12,0,3.0
129,12,3,3.0
129,12,6,3.0
129,12,9,3.0
129,12,12,3.0
129,12,15,3.0
129,12,18,3.0
129,12,21,3.0
129,12,24,3.0
129,12,27,3.0
130,13,0,3.0
130,13,3,3.0
130,13,6,3.0
130,13,9,3.0
130,13,12,3.0
130,13,15,3.0
130,13,18,3.0
130,13,21,3.0
130,13,24,3.0
130,13,27,3.0
131,13,0,3.0
131,13,3,3.0
131,13,6,3.0
131,13,9,3.0
131,13,12,3.0
131,13,15,3.0
131,13,18,3.0
131,13,21,3.0
131,13,24,3.0
131,13,27,3.0
132,13,0,3.0
132,13,3,3.0
132,13,6,3.0
132,13,9,3.0
132,13,12,3.0
132,13,15,3.0
132,13,18,3.0
132,13,21,3.0
132,13,24,3.0
132,13,27,3.0
133,13,0,3.0
133,13,3,3.0
133,13,6,3.0
133,13,9,3.0
133,13,12,3.0
133,13,15,3.0
133,13,18,3.0
133,13,21,3.0
133,13,24,3.0
133,13,27,3.0
134,13,0,3.0
134,13,3,3.0
134,13,6,3.0
134,13,9,3.0
134,13,12,3.0
134,13,15,3.0
134,13,18,3.0
134,13,21,3.0
134,13,24,3.0
134,13,27,3.0
135,13,0,3.0
135,13,3,3.0
135,13,6,3.0
135,13,9,3.0
135,13,12,3.0
135,13,15,3.0
135,13,18,3.0
135,13,21,3.0
135,13,24,3.0
135,13,27,3.0
136,13,0,3.0
136,13,3,3.0
136,13,6,3.0
136,13,9,3.0
136,13,12,3.0
136,13,15,3.0
136,13,18,3.0
136,13,21,3.0
136,13,24,3.0
136,13,27,3.0
137,13,0,3.0
137,13,3,3.0
137,13,6,3.0
137,13,9,3.0
137,13,12,3.0
137,13,15,3.0
137,13,18,3.0
137,13,21,3.0
137,13,24,3.0
137,13,27,3.0
138,13,0,3.0
138,13,3,3.0
138,13,6,3.0
138,13,9,3.0
138,13,12,3.0
138,13,15,3.0
138,13,18,3.0
138,13,21,3.0
138,13,24,3.0
138,13,27,3.0
139,13,0,3.0
139,13,3,3.0
139,13,6,3.0
139,13,9,3.0
139,13,12,3.0
139,13,15,3.0
139,13,18,3.0
139,13,21,3.0
139,13,24,3.0
139,13,27,3.0
140,14,0,3.0
140,14,3,3.0
140,14,6,3.0
140,14,9,3.0
140,14,12,3.0
140,14,15,3.0
140,14,18,3.0
140,14,21,3.0
140,14,24,3.0
140,14,27,3.0
141,14,0,3.0
141,14,3,3.0
141,14,6,3.0
141,14,9,3.0
141,14,12,3.0
141,14,15,3.0
141,14,18,3.0
141,14,21,3.0
141,14,24,3.0
141,14,27,3.0
142,14,0,3.0
142,14,3,3.0
142,14,6,3.0
142,14,9,3.0
142,14,12,3.0
142,14,15,3.0
142,14,18,3.0
142,14,21,3.0
142,14,24,3.0
142,14,27,3.0
143,14,0,3.0
143,14,3,3.0
143,14,6,3.0
143,14,9,3.0
143,14,12,3.0
143,14,15,3.0
143,14,18,3.0
143,14,21,3.0
143,14,24,3.0
143,14,27,3.0
144,14,0,3.0
144,14,3,3.0
144,14,6,3.0
144,14,9,3.0
144,14,12,3.0
144,14,15,3.0
144,14,18,3.0
144,14,21,3.0
144,14,24,3.0
144,14,27,3.0
145,14,0,3.0
145,14,3,3.0
145,14,6,3.0
145,14,9,3.0
145,14,12,3.0
145,14,15,3.0
145,14,18,3.0
145,14,21,3.0
145,14,24,3.0
145,14,27,3.0
146,14,0,3.0
146,14,3,3.0
146,14,6,3.0
146,14,9,3.0
146,14,12,3.0
146,14,15,3.0
146,14,18,3.0
146,14,21,3.0
146,14,24,3.0
146,14,27,3.0
147,14,0,3.0
147,14,3,3.0
147,14,6,3.0
147,14,9,3.0
147,14,12,3.0
147,14,15,3.0
147,14,18,3.0
147,14,21,3.0
147,14,24,3.0
147,14,27,3.0
148,14,0,3.0
148,14,3,3.0
148,14,6,3.0
148,14,9,3.0
148,14,12,3.0
148,14,15,3.0
148,14,18,3.0
148,14,21,3.0
148,14,24,3.0
148,14,27,3.0
149,14,0,3.0
149,14,3,3.0
149,14,6,3.0
149,14,9,3.0
149,14,12,3.0
149,14,15,3.0
149,14,18,3.0
149,14,21,3.0
149,14,24,3.0
149,14,27,3.0
150,15,0,3.0
150,15,3,3.0
150,15,6,3.0
150,15,9,3.0
150,15,12,3.0
150,15,15,3.0
150,15,18,3.0
150,15,21,3.0
150,15,24,3.0
150,15,27,3.0
151,15,0,3.0
151,15,3,3.0
151,15,6,3.0
151,15,9,3.0
151,15,12,3.0
151,15,15,3.0
151,15,18,3.0
151,15,21,3.0
151,15,24,3.0
151,15,27,3.0
152,15,0,3.0
152,15,3,3.0
152,15,6,3.0
152,15,9,3.0
152,15,12,3.0
152,15,15,3.0
152,15,18,3.0
152,15,21,3.0
152,15,24,3.0
152,15,27,3.0
153,15,0,3.0
153,15,3,3.0
153,15,6,3.0
153,15,9,3.0
153,15,12,3.0
153,15,15,3.0
153,15,18,3.0
153,15,21,3.0
153,15,24,3.0
153,15,27,3.0
154,15,0,3.0
154,15,3,3.0
154,15,6,3.0
154,15,9,3.0
154,15,12,3.0
154,15,15,3.0
154,15,18,3.0
154,15,21,3.0
154,15,24,3.0
154,15,27,3.0
155,15,0,3.0
155,15,3,3.0
155,15,6,3.0
155,15,9,3.0
155,15,12,3.0
155,15,15,3.0
155,15,18,3.0
155,15,21,3.0
155,15,24,3.0
155,15,27,3.0
156,15,0,3.0
156,15,3,3.0
156,15,6,3.0
156,15,9,3.0
156,15,12,3.0
156,15,15,3.0
156,15,18,3.0
156,15,21,3.0
156,15,24,3.0
156,15,27,3.0
157,15,0,3.0
157,15,3,3.0
157,15,6,3.0
157,15,9,3.0
157,15,12,3.0
157,15,15,3.0
157,15,18,3.0
157,15,21,3.0
157,15,24,3.0
157,15,27,3.0
158,15,0,3.0
158,15,3,3.0
158,15,6,3.0
158,15,9,3.0
158,15,12,3.0
158,15,15,3.0
158,15,18,3.0
158,15,21,3.0
158,15,24,3.0
158,15,27,3.0
159,15,0,3.0
159,15,3,3.0
159,15,6,3.0
159,15,9,3.0
159,15,12,3.0
159,15,15,3.0
159,15,18,3.0
159,15,21,3.0
159,15,24,3.0
159,15,27,3.0
160,16,0,3.0
160,16,3,3.0
160,16,6,3.0
160,16,9,3.0
160,16,12,3.0
160,16,15,3.0
160,16,18,3.0
160,16,21,3.0
160,16,24,3.0
160,16,27,3.0
161,16,0,3.0
161,16,3,3.0
161,16,6,3.0
161,16,9,3.0
161,16,12,3.0
161,16,15,3.0
161,16,18,3.0
161,16,21,3.0
161,16,24,3.0
161,16,27,3.0
162,16,0,3.0
162,16,3,3.0
162,16,6,3.0
162,16,9,3.0
162,16,12,3.0
162,16,15,3.0
162,16,18,3.0
162,16,21,3.0
162,16,24,3.0
162,16,27,3.0
163,16,0,3.0
163,16,3,3.0
163,16,6,3.0
163,16,9,3.0
163,16,12,3.0
163,16,15,3.0
163,16,18,3.0
163,16,21,3.0
163,16,24,3.0
163,16,27,3.0
164,16,0,3.0
164,16,3,3.0
164,16,6,3.0
164,16,9,3.0
164,16,12,3.0
164,16,15,3.0
164,16,18,3.0
164,16,21,3.0
164,16,24,3.0
164,16,27,3.0
165,16,0,3.0
165,16,3,3.0
165,16,6,3.0
165,16,9,3.0
165,16,12,3.0
165,16,15,3.0
165,16,18,3.0
165,16,21,3.0
165,16,24,3.0
165,16,27,3.0
166,16,0,3.0
166,16,3,3.0
166,16,6,3.0
166,16,9,3.0
166,16,12,3.0
166,16,15,3.0
166,16,18,3.0
166,16,21,3.0
166,16,24,3.0
166,16,27,3.0
167,16,0,3.0
167,16,3,3.0
167,16,6,3.0
167,16,9,3.0
167,16,12,3.0
167,16,15,3.0
167,16,18,3.0
167,16,21,3.0
167,16,24,3.0
167,16,27,3.0
168,16,0,3.0
168,16,3,3.0
168,16,6,3.0
168,16,9,3.0
168,16,12,3.0
168,16,15,3.0
168,16,18,3.0
168,16,21,3.0
168,16,24,3.0
168,16,27,3.0
169,16,0,3.0
169,16,3,3.0
169,16,6,3.0
169,16,9,3.0
169,16,12,3.0
169,16,15,3.0
169,16,18,3.0
169,16,21,3.0
169,16,24,3.0
169,16,27,3.0
170,17,0,3.0
170,17,3,3.0
170,17,6,3.0
170,17,9,3.0
170,17,12,3.0
170,17,15,3.0
170,17,18,3.0
170,17,21,3.0
170,17,24,3.0
170,17,27,3.0
171,17,0,3.0
171,17,3,3.0
171,17,6,3.0
171,17,9,3.0
171,17,12,3.0
171,17,15,3.0
171,17,18,3.0
171,17,21,3.0
171,17,24,3.0
171,17,27,3.0
172,17,0,3.0
172,17,3,3.0
172,17,6,3.0
172,17,9,3.0
172,17,12,3.0
172,17,15,3.0
172,17,18,3.0
172,17,21,3.0
172,17,24,3.0
172,17,27,3.0
173,17,0,3.0
173,17,3,3.0
173,17,6,3.0
173,17,9,3.0
173,17,12,3.0
173,17,15,3.0
173,17,18,3.0
173,17,21,3.0
173,17,24,3.0
173,17,27,3.0
174,17,0,3.0
174,17,3,3.0
174,17,6,3.0
174,17,9,3.0
174,17,12,3.0
174,17,15,3.0
174,17,18,3.0
174,17,21,3.0
174,17,24,3.0
174,17,27,3.0
175,17,0,3.0
175,17,3,3.0
175,17,6,3.0
175,17,9,3.0
175,17,12,3.0
175,17,15,3.0
175,17,18,3.0
175,17,21,3.0
175,17,24,3.0
175,17,27,3.0
176,17,0,3.0
176,17,3,3.0
176,17,6,3.0
176,17,9,3.0
176,17,12,3.0
176,17,15,3.0
176,17,18,3.0
176,17,21,3.0
176,17,24,3.0
176,17,27,3.0
177,17,0,3.0
177,17,3,3.0
177,17,6,3.0
177,17,9,3.0
177,17,12,3.0
177,17,15,3.0
177,17,18,3.0
177,17,21,3.0
177,17,24,3.0
177,17,27,3.0
178,17,0,3.0
178,17,3,3.0
178,17,6,3.0
178,17,9,3.0
178,17,12,3.0
178,17,15,3.0
178,17,18,3.0
178,17,21,3.0
178,17,24,3.0
178,17,27,3.0
179,17,0,3.0
179,17,3,3.0
179,17,6,3.0
179,17,9,3.0
179,17,12,3.0
179,17,15,3.0
179,17,18,3.0
179,17,21,3.0
179,17,24,3.0
179,17,27,3.0
180,18,0,3.0
180,18,3,3.0
180,18,6,3.0
180,18,9,3.0
180,18,12,3.0
180,18,15,3.0
180,18,18,3.0
180,18,21,3.0
180,18,24,3.0
180,18,27,3.0
181,18,0,3.0
181,18,3,3.0
181,18,6,3.0
181,18,9,3.0
181,18,12,3.0
181,18,15,3.0
181,18,18,3.0
181,18,21,3.0
181,18,24,3.0
181,18,27,3.0
182,18,0,3.0
182,18,3,3.0
182,18,6,3.0
182,18,9,3.0
182,18,12,3.0
182,18,15,3.0
182,18,18,3.0
182,18,21,3.0
182,18,24,3.0
182,18,27,3.0
183,18,0,3.0
183,18,3,3.0
183,18,6,3.0
183,18,9,3.0
183,18,12,3.0
183,18,15,3.0
183,18,18,3.0
183,18,21,3.0
183,18,24,3.0
183,18,27,3.0
184,18,0,3.0
184,18,3,3.0
184,18,6,3.0
184,18,9,3.0
184,18,12,3.0
184,18,15,3.0
184,18,18,3.0
184,18,21,3.0
184,18,24,3.0
184,18,27,3.0
185,18,0,3.0
185,18,3,3.0
185,18,6,3.0
185,18,9,3.0
185,18,12,3.0
185,18,15,3.0
185,18,18,3.0
185,18,21,3.0
185,18,24,3.0
185,18,27,3.0
186,18,0,3.0
186,18,3,3.0
186,18,6,3.0
186,18,9,3.0
186,18,12,3.0
186,18,15,3.0
186,18,18,3.0
186,18,21,3.0
186,18,24,3.0
186,18,27,3.0
187,18,0,3.0
187,18,3,3.0
187,18,6,3.0
187,18,9,3.0
187,18,12,3.0
187,18,15,3.0
187,18,18,3.0
187,18,21,3.0
187,18,24,3.0
187,18,27,3.0
188,18,0,3.0
188,18,3,3.0
188,18,6,3.0
188,18,9,3.0
188,18,12,3.0
188,18,15,3.0
188,18,18,3.0
188,18,21,3.0
188,18,24,3.0
188,18,27,3.0
189,18,0,3.0
189,18,3,3.0
189,18,6,3.0
189,18,9,3.0
189,18,12,3.0
189,18,15,3.0
189,18,18,3.0
189,18,21,3.0
189,18,24,3.0
189,18,27,3.0
190,19,0,3.0
190,19,3,3.0
190,19,6,3.0
190,19,9,3.0
190,19,12,3.0
190,19,15,3.0
190,19,18,3.0
190,19,21,3.0
190,19,24,3.0
190,19,27,3.0
191,19,0,3.0
191,19,3,3.0
191,19,6,3.0
191,19,9,3.0
191,19,12,3.0
191,19,15,3.0
191,19,18,3.0
191,19,21,3.0
191,19,24,3.0
191,19,27,3.0
192,19,0,3.0
192,19,3,3.0
192,19,6,3.0
192,19,9,3.0
192,19,12,3.0
192,19,15,3.0
192,19,18,3.0
192,19,21,3.0
192,19,24,3.0
192,19,27,3.0
193,19,0,3.0
193,19,3,3.0
193,19,6,3.0
193,19,9,3.0
193,19,12,3.0
193,19,15,3.0
193,19,18,3.0
193,19,21,3.0
193,19,24,3.0
193,19,27,3.0
194,19,0,3.0
194,19,3,3.0
194,19,6,3.0
194,19,9,3.0
194,19,12,3.0
194,19,15,3.0
194,19,18,3.0
194,19,21,3.0
194,19,24,3.0
194,19,27,3.0
195,19,0,3.0
195,19,3,3.0
195,19,6,3.0
195,19,9,3.0
195,19,12,3.0
195,19,15,3.0
195,19,18,3.0
195,19,21,3.0
195,19,24,3.0
195,19,27,3.0
196,19,0,3.0
196,19,3,3.0
196,19,6,3.0
196,19,9,3.0
196,19,12,3.0
196,19,15,3.0
196,19,18,3.0
196,19,21,3.0
196,19,24,3.0
196,19,27,3.0
197,19,0,3.0
197,19,3,3.0
197,19,6,3.0
197,19,9,3.0
197,19,12,3.0
197,19,15,3.0
197,19,18,3.0
197,19,21,3.0
197,19,24,3.0
197,19,27,3.0
198,19,0,3.0
198,19,3,3.0
198,19,6,3.0
198,19,9,3.0
198,19,12,3.0
198,19,15,3.0
198,19,18,3.0
198,19,21,3.0
198,19,24,3.0
198,19,27,3.0
199,19,0,3.0
199,19,3,3.0
199,19,6,3.0
199,19,9,3.0
199,19,12,3.0
199,19,15,3.0
199,19,18,3.0
199,19,21,3.0
199,19,24,3.0
199,19,27,3.0
200,20,0,3.0
200,20,3,3.0
200,20,6,3.0
200,20,9,3.0
200,20,12,3.0
200,20,15,3.0
200,20,18,3.0
200,20,21,3.0
200,20,24,3.0
200,20,27,3.0
201,20,0,3.0
201,20,3,3.0
201,20,6,3.0
201,20,9,3.0
201,20,12,3.0
201,20,15,3.0
201,20,18,3.0
201,20,21,3.0
201,20,24,3.0
201,20,27,3.0
202,20,0,3.0
202,20,3,3.0
202,20,6,3.0
202,20,9,3.0
202,20,12,3.0
202,20,15,3.0
202,20,18,3.0
202,20,21,3.0
202,20,24,3.0
202,20,27,3.0
203,20,0,3.0
203,20,3,3.0
203,20,6,3.0
203,20,9,3.0
203,20,12,3.0
203,20,15,3.0
203,20,18,3.0
203,20,21,3.0
203,20,24,3.0
203,20,27,3.0
204,20,0,3.0
204,20,3,3.0
204,20,6,3.0
204,20,9,3.0
204,20,12,3.0
204,20,15,3.0
204,20,18,3.0
204,20,21,3.0
204,20,24,3.0
204,20,27,3.0
205,20,0,3.0
205,20,3,3.0
205,20,6,3.0
205,20,9,3.0
205,20,12,3.0
205,20,15,3.0
205,20,18,3.0
205,20,21,3.0
205,20,24,3.0
205,20,27,3.0
206,20,0,3.0
206,20,3,3.0
206,20,6,3.0
206,20,9,3.0
206,20,12,3.0
206,20,15,3.0
206,20,18,3.0
206,20,21,3.0
206,20,24,3.0
206,20,27,3.0
207,20,0,3.0
207,20,3,3.0
207,20,6,3.0
207,20,9,3.0
207,20,12,3.0
207,20,15,3.0
207,20,18,3.0
207,20,21,3.0
207,20,24,3.0
207,20,27,3.0
208,20,0,3.0
208,20,3,3.0
208,20,6,3.0
208,20,9,3.0
208,20,12,3.0
208,20,15,3.0
208,20,18,3.0
208,20,21,3.0
208,20,24,3.0
208,20,27,3.0
209,20,0,3.0
209,20,3,3.0
209,20,6,3.0
209,20,9,3.0
209,20,12,3.0
209,20,15,3.0
209,20,18,3.0
209,20,21,3.0
209,20,24,3.0
209,20,27,3.0
210,21,0,3.0
210,21,3,3.0
210,21,6,3.0
210,21,9,3.0
210,21,12,3.0
210,21,15,3.0
210,21,18,3.0
210,21,21,3.0
210,21,24,3.0
210,21,27,3.0
211,21,0,3.0
211,21,3,3.0
211,21,6,3.0
211,21,9,3.0
211,21,12,3.0
211,21,15,3.0
211,21,18,3.0
211,21,21,3.0
211,21,24,3.0
211,21,27,3.0
212,21,0,3.0
212,21,3,3.0
212,21,6,3.0
212,21,9,3.0
212,21,12,3.0
212,21,15,3.0
212,21,18,3.0
212,21,21,3.0
212,21,24,3.0
212,21,27,3.0
213,21,0,3.0
213,21,3,3.0
213,21,6,3.0
213,21,9,3.0
213,21,12,3.0
213,21,15,3.0
213,21,18,3.0
213,21,21,3.0
213,21,24,3.0
213,21,27,3.0
214,21,0,3.0
214,21,3,3.0
214,21,6,3.0
214,21,9,3.0
214,21,12,3.0
214,21,15,3.0
214,21,18,3.0
214,21,21,3.0
214,21,24,3.0
214,21,27,3.0
215,21,0,3.0
215,21,3,3.0
215,21,6,3.0
215,21,9,3.0
215,21,12,3.0
215,21,15,3.0
215,21,18,3.0
215,21,21,3.0
215,21,24,3.0
215,21,27,3.0
216,21,0,3.0
216,21,3,3.0
216,21,6,3.0
216,21,9,3.0
216,21,12,3.0
216,21,15,3.0
216,21,18,3.0
216,21,21,3.0
216,21,24,3.0
216,21,27,3.0
217,21,0,3.0
217,21,3,3.0
217,21,6,3.0
217,21,9,3.0
217,21,12,3.0
217,21,15,3.0
217,21,18,3.0
217,21,21,3.0
217,21,24,3.0
217,21,27,3.0
218,21,0,3.0
218,21,3,3.0
218,21,6,3.0
218,21,9,3.0
218,21,12,3.0
218,21,15,3.0
218,21,18,3.0
218,21,21,3.0
218,21,24,3.0
218,21,27,3.0
219,21,0,3.0
219,21,3,3.0
219,21,6,3.0
219,21,9,3.0
219,21,12,3.0
219,21,15,3.0
219,21,18,3.0
219,21,21,3.0
219,21,24,3.0
219,21,27,3.0
220,22,0,3.0
220,22,3,3.0
220,22,6,3.0
220,22,9,3.0
220,22,12,3.0
220,22,15,3.0
220,22,18,3.0
220,22,21,3.0
220,22,24,3.0
220,22,27,3.0
221,22,0,3.0
221,22,3,3.0
221,22,6,3.0
221,22,9,3.0
221,22,12,3.0
221,22,15,3.0
221,22,18,3.0
221,22,21,3.0
221,22,24,3.0
221,22,27,3.0
222,22,0,3.0
222,22,3,3.0
222,22,6,3.0
222,22,9,3.0
222,22,12,3.0
222,22,15,3.0
222,22,18,3.0
222,22,21,3.0
222,22,24,3.0
222,22,27,3.0
223,22,0,3.0
223,22,3,3.0
223,22,6,3.0
223,22,9,3.0
223,22,12,3.0
223,22,15,3.0
223,22,18,3.0
223,22,21,3.0
223,22,24,3.0
223,22,27,3.0
224,22,0,3.0
224,22,3,3.0
224,22,6,3.0
224,22,9,3.0
224,22,12,3.0
224,22,15,3.0
224,22,18,3.0
224,22,21,3.0
224,22,24,3.0
224,22,27,3.0
225,22,0,3.0
225,22,3,3.0
225,22,6,3.0
225,22,9,3.0
225,22,12,3.0
225,22,15,3.0
225,22,18,3.0
225,22,21,3.0
225,22,24,3.0
225,22,27,3.0
226,22,0,3.0
226,22,3,3.0
226,22,6,3.0
226,22,9,3.0
226,22,12,3.0
226,22,15,3.0
226,22,18,3.0
226,22,21,3.0
226,22,24,3.0
226,22,27,3.0
227,22,0,3.0
227,22,3,3.0
227,22,6,3.0
227,22,9,3.0
227,22,12,3.0
227,22,15,3.0
227,22,18,3.0
227,22,21,3.0
227,22,24,3.0
227,22,27,3.0
228,22,0,3.0
228,22,3,3.0
228,22,6,3.0
228,22,9,3.0
228,22,12,3.0
228,22,15,3.0
228,22,18,3.0
228,22,21,3.0
228,22,24,3.0
228,22,27,3.0
229,22,0,3.0
229,22,3,3.0
229,22,6,3.0
229,22,9,3.0
229,22,12,3.0
229,22,15,3.0
229,22,18,3.0
229,22,21,3.0
229,22,24,3.0
229,22,27,3.0
230,23,0,3.0
230,23,3,3.0
230,23,6,3.0
230,23,9,3.0
230,23,12,3.0
230,23,15,3.0
230,23,18,3.0
230,23,21,3.0
230,23,24,3.0
230,23,27,3.0
231,23,0,3.0
231,23,3,3.0
231,23,6,3.0
231,23,9,3.0
231,23,12,3.0
231,23,15,3.0
231,23,18,3.0
231,23,21,3.0
231,23,24,3.0
231,23,27,3.0
232,23,0,3.0
232,23,3,3.0
232,23,6,3.0
232,23,9,3.0
232,23,12,3.0
232,23,15,3.0
232,23,18,3.0
232,23,21,3.0
232,23,24,3.0
232,23,27,3.0
233,23,0,3.0
233,23,3,3.0
233,23,6,3.0
233,23,9,3.0
233,23,12,3.0
233,23,15,3.0
233,23,18,3.0
233,23,21,3.0
233,23,24,3.0
233,23,27,3.0
234,23,0,3.0
234,23,3,3.0
234,23,6,3.0
234,23,9,3.0
234,23,12,3.0
234,23,15,3.0
234,23,18,3.0
234,23,21,3.0
234,23,24,3.0
234,23,27,3.0
235,23,0,3.0
235,23,3,3.0
235,23,6,3.0
235,23,9,3.0
235,23,12,3.0
235,23,15,3.0
235,23,18,3.0
235,23,21,3.0
235,23,24,3.0
235,23,27,3.0
236,23,0,3.0
236,23,3,3.0
236,23,6,3.0
236,23,9,3.0
236,23,12,3.0
236,23,15,3.0
236,23,18,3.0
236,23,21,3.0
236,23,24,3.0
236,23,27,3.0
237,23,0,3.0
237,23,3,3.0
237,23,6,3.0
237,23,9,3.0
237,23,12,3.0
237,23,15,3.0
237,23,18,3.0
237,23,21,3.0
237,23,24,3.0
237,23,27,3.0
238,23,0,3.0
238,23,3,3.0
238,23,6,3.0
238,23,9,3.0
238,23,12,3.0
238,23,15,3.0
238,23,18,3.0
238,23,21,3.0
238,23,24,3.0
238,23,27,3.0
239,23,0,3.0
239,23,3,3.0
239,23,6,3.0
239,23,9,3.0
239,23,12,3.0
239,23,15,3.0
239,23,18,3.0
239,23,21,3.0
239,23,24,3.0
239,23,27,3.0
240,24,0,3.0
240,24,3,3.0
240,24,6,3.0
240,24,9,3.0
240,24,12,3.0
240,24,15,3.0
240,24,18,3.0
240,24,21,3.0
240,24,24,3.0
240,24,27,3.0
241,24,0,3.0
241,24,3,3.0
241,24,6,3.0
241,24,9,3.0
241,24,12,3.0
241,24,15,3.0
241,24,18,3.0
241,24,21,3.0
241,24,24,3.0
241,24,27,3.0
242,24,0,3.0
242,24,3,3.0
242,24,6,3.0
242,24,9,3.0
242,24,12,3.0
242,24,15,3.0
242,24,18,3.0
242,24,21,3.0
242,24,24,3.0
242,24,27,3.0
243,24,0,3.0
243,24,3,3.0
243,24,6,3.0
243,24,9,3.0
243,24,12,3.0
243,24,15,3.0
243,24,18,3.0
243,24,21,3.0
243,24,24,3.0
243,24,27,3.0
244,24,0,3.0
244,24,3,3.0
244,24,6,3.0
244,24,9,3.0
244,24,12,3.0
244,24,15,3.0
244,24,18,3.0
244,24,21,3.0
244,24,24,3.0
244,24,27,3.0
245,24,0,3.0
245,24,3,3.0
245,24,6,3.0
245,24,9,3.0
245,24,12,3.0
245,24,15,3.0
245,24,18,3.0
245,24,21,3.0
245,24,24,3.0
245,24,27,3.0
246,24,0,3.0
246,24,3,3.0
246,24,6,3.0
246,24,9,3.0
246,24,12,3.0
246,24,15,3.0
246,24,18,3.0
246,24,21,3.0
246,24,24,3.0
246,24,27,3.0
247,24,0,3.0
247,24,3,3.0
247,24,6,3.0
247,24,9,3.0
247,24,12,3.0
247,24,15,3.0
247,24,18,3.0
247,24,21,3.0
247,24,24,3.0
247,24,27,3.0
248,24,0,3.0
248,24,3,3.0
248,24,6,3.0
248,24,9,3.0
248,24,12,3.0
248,24,15,3.0
248,24,18,3.0
248,24,21,3.0
248,24,24,3.0
248,24,27,3.0
249,24,0,3.0
249,24,3,3.0
249,24,6,3.0
249,24,9,3.0
249,24,12,3.0
249,24,15,3.0
249,24,18,3.0
249,24,21,3.0
249,24,24,3.0
249,24,27,3.0
250,25,0,3.0
250,25,3,3.0
250,25,6,3.0
250,25,9,3.0
250,25,12,3.0
250,25,15,3.0
250,25,18,3.0
250,25,21,3.0
250,25,24,3.0
250,25,27,3.0
251,25,0,3.0
251,25,3,3.0
251,25,6,3.0
251,25,9,3.0
251,25,12,3.0
251,25,15,3.0
251,25,18,3.0
251,25,21,3.0
251,25,24,3.0
251,25,27,3.0
252,25,0,3.0
252,25,3,3.0
252,25,6,3.0
252,25,9,3.0
252,25,12,3.0
252,25,15,3.0
252,25,18,3.0
252,25,21,3.0
252,25,24,3.0
252,25,27,3.0
253,25,0,3.0
253,25,3,3.0
253,25,6,3.0
253,25,9,3.0
253,25,12,3.0
253,25,15,3.0
253,25,18,3.0
253,25,21,3.0
253,25,24,3.0
253,25,27,3.0
254,25,0,3.0
254,25,3,3.0
254,25,6,3.0
254,25,9,3.0
254,25,12,3.0
254,25,15,3.0
254,25,18,3.0
254,25,21,3.0
254,25,24,3.0
254,25,27,3.0
255,25,0,3.0
255,25,3,3.0
255,25,6,3.0
255,25,9,3.0
255,25,12,3.0
255,25,15,3.0
255,25,18,3.0
255,25,21,3.0
255,25,24,3.0
255,25,27,3.0
256,25,0,3.0
256,25,3,3.0
256,25,6,3.0
256,25,9,3.0
256,25,12,3.0
256,25,15,3.0
256,25,18,3.0
256,25,21,3.0
256,25,24,3.0
256,25,27,3.0
257,25,0,3.0
257,25,3,3.0
257,25,6,3.0
257,25,9,3.0
257,25,12,3.0
257,25,15,3.0
257,25,18,3.0
257,25,21,3.0
257,25,24,3.0
257,25,27,3.0
258,25,0,3.0
258,25,3,3.0
258,25,6,3.0
258,25,9,3.0
258,25,12,3.0
258,25,15,3.0
258,25,18,3.0
258,25,21,3.0
258,25,24,3.0
258,25,27,3.0
259,25,0,3.0
259,25,3,3.0
259,25,6,3.0
259,25,9,3.0
259,25,12,3.0
259,25,15,3.0
259,25,18,3.0
259,25,21,3.0
259,25,24,3.0
259,25,27,3.0
260,26,0,3.0
260,26,3,3.0
260,26,6,3.0
260,26,9,3.0
260,26,12,3.0
260,26,15,3.0
260,26,18,3.0
260,26,21,3.0
260,26,24,3.0
260,26,27,3.0
261,26,0,3.0
261,26,3,3.0
261,26,6,3.0
261,26,9,3.0
261,26,12,3.0
261,26,15,3.0
261,26,18,3.0
261,26,21,3.0
261,26,24,3.0
261,26,27,3.0
262,26,0,3.0
262,26,3,3.0
262,26,6,3.0
262,26,9,3.0
262,26,12,3.0
262,26,15,3.0
262,26,18,3.0
262,26,21,3.0
262,26,24,3.0
262,26,27,3.0
263,26,0,3.0
263,26,3,3.0
263,26,6,3.0
263,26,9,3.0
263,26,12,3.0
263,26,15,3.0
263,26,18,3.0
263,26,21,3.0
263,26,24,3.0
263,26,27,3.0
264,26,0,3.0
264,26,3,3.0
264,26,6,3.0
264,26,9,3.0
264,26,12,3.0
264,26,15,3.0
264,26,18,3.0
264,26,21,3.0
264,26,24,3.0
264,26,27,3.0
265,26,0,3.0
265,26,3,3.0
265,26,6,3.0
265,26,9,3.0
265,26,12,3.0
265,26,15,3.0
265,26,18,3.0
265,26,21,3.0
265,26,24,3.0
265,26,27,3.0
266,26,0,3.0
266,26,3,3.0
266,26,6,3.0
266,26,9,3.0
266,26,12,3.0
266,26,15,3.0
266,26,18,3.0
266,26,21,3.0
266,26,24,3.0
266,26,27,3.0
267,26,0,3.0
267,26,3,3.0
267,26,6,3.0
267,26,9,3.0
267,26,12,3.0
267,26,15,3.0
267,26,18,3.0
267,26,21,3.0
267,26,24,3.0
267,26,27,3.0
268,26,0,3.0
268,26,3,3.0
268,26,6,3.0
268,26,9,3.0
268,26,12,3.0
268,26,15,3.0
268,26,18,3.0
268,26,21,3.0
268,26,24,3.0
268,26,27,3.0
269,26,0,3.0
269,26,3,3.0
269,26,6,3.0
269,26,9,3.0
269,26,12,3.0
269,26,15,3.0
269,26,18,3.0
269,26,21,3.0
269,26,24,3.0
269,26,27,3.0
270,27,0,3.0
270,27,3,3.0
270,27,6,3.0
270,27,9,3.0
270,27,12,3.0
270,27,15,3.0
270,27,18,3.0
270,27,21,3.0
270,27,24,3.0
270,27,27,3.0
271,27,0,3.0
271,27,3,3.0
271,27,6,3.0
271,27,9,3.0
271,27,12,3.0
271,27,15,3.0
271,27,18,3.0
271,27,21,3.0
271,27,24,3.0
271,27,27,3.0
272,27,0,3.0
272,27,3,3.0
272,27,6,3.0
272,27,9,3.0
272,27,12,3.0
272,27,15,3.0
272,27,18,3.0
272,27,21,3.0
272,27,24,3.0
272,27,27,3.0
273,27,0,3.0
273,27,3,3.0
273,27,6,3.0
273,27,9,3.0
273,27,12,3.0
273,27,15,3.0
273,27,18,3.0
273,27,21,3.0
273,27,24,3.0
273,27,27,3.0
274,27,0,3.0
274,27,3,3.0
274,27,6,3.0
274,27,9,3.0
274,27,12,3.0
274,27,15,3.0
274,27,18,3.0
274,27,21,3.0
274,27,24,3.0
274,27,27,3.0
275,27,0,3.0
275,27,3,3.0
275,27,6,3.0
275,27,9,3.0
275,27,12,3.0
275,27,15,3.0
275,27,18,3.0
275,27,21,3.0
275,27,24,3.0
275,27,27,3.0
276,27,0,3.0
276,27,3,3.0
276,27,6,3.0
276,27,9,3.0
276,27,12,3.0
276,27,15,3.0
276,27,18,3.0
276,27,21,3.0
276,27,24,3.0
276,27,27,3.0
277,27,0,3.0
277,27,3,3.0
277,27,6,3.0
277,27,9,3.0
277,27,12,3.0
277,27,15,3.0
277,27,18,3.0
277,27,21,3.0
277,27,24,3.0
277,27,27,3.0
278,27,0,3.0
278,27,3,3.0
278,27,6,3.0
278,27,9,3.0
278,27,12,3.0
278,27,15,3.0
278,27,18,3.0
278,27,21,3.0
278,27,24,3.0
278,27,27,3.0
279,27,0,3.0
279,27,3,3.0
279,27,6,3.0
279,27,9,3.0
279,27,12,3.0
279,27,15,3.0
279,27,18,3.0
279,27,21,3.0
279,27,24,3.0
279,27,27,3.0
280,28,0,3.0
280,28,3,3.0
280,28,6,3.0
280,28,9,3.0
280,28,12,3.0
280,28,15,3.0
280,28,18,3.0
280,28,21,3.0
280,28,24,3.0
280,28,27,3.0
281,28,0,3.0
281,28,3,3.0
281,28,6,3.0
281,28,9,3.0
281,28,12,3.0
281,28,15,3.0
281,28,18,3.0
281,28,21,3.0
281,28,24,3.0
281,28,27,3.0
282,28,0,3.0
282,28,3,3.0
282,28,6,3.0
282,28,9,3.0
282,28,12,3.0
282,28,15,3.0
282,28,18,3.0
282,28,21,3.0
282,28,24,3.0
282,28,27,3.0
283,28,0,3.0
283,28,3,3.0
283,28,6,3.0
283,28,9,3.0
283,28,12,3.0
283,28,15,3.0
283,28,18,3.0
283,28,21,3.0
283,28,24,3.0
283,28,27,3.0
284,28,0,3.0
284,28,3,3.0
284,28,6,3.0
284,28,9,3.0
284,28,12,3.0
284,28,15,3.0
284,28,18,3.0
284,28,21,3.0
284,28,24,3.0
284,28,27,3.0
285,28,0,3.0
285,28,3,3.0
285,28,6,3.0
285,28,9,3.0
285,28,12,3.0
285,28,15,3.0
285,28,18,3.0
285,28,21,3.0
285,28,24,3.0
285,28,27,3.0
286,28,0,3.0
286,28,3,3.0
286,28,6,3.0
286,28,9,3.0
286,28,12,3.0
286,28,15,3.0
286,28,18,3.0
286,28,21,3.0
286,28,24,3.0
286,28,27,3.0
287,28,0,3.0
287,28,3,3.0
287,28,6,3.0
287,28,9,3.0
287,28,12,3.0
287,28,15,3.0
287,28,18,3.0
287,28,21,3.0
287,28,24,3.0
287,28,27,3.0
288,28,0,3.0
288,28,3,3.0
288,28,6,3.0
288,28,9,3.0
288,28,12,3.0
288,28,15,3.0
288,28,18,3.0
288,28,21,3.0
288,28,24,3.0
288,28,27,3.0
289,28,0,3.0
289,28,3,3.0
289,28,6,3.0
289,28,9,3.0
289,28,12,3.0
289,28,15,3.0
289,28,18,3.0
289,28,21,3.0
289,28,24,3.0
289,28,27,3.0
290,29,0,3.0
290,29,3,3.0
290,29,6,3.0
290,29,9,3.0
290,29,12,3.0
290,29,15,3.0
290,29,18,3.0
290,29,21,3.0
290,29,24,3.0
290,29,27,3.0
291,29,0,3.0
291,29,3,3.0
291,29,6,3.0
291,29,9,3.0
291,29,12,3.0
291,29,15,3.0
291,29,18,3.0
291,29,21,3.0
291,29,24,3.0
291,29,27,3.0
292,29,0,3.0
292,29,3,3.0
292,29,6,3.0
292,29,9,3.0
292,29,12,3.0
292,29,15,3.0
292,29,18,3.0
292,29,21,3.0
292,29,24,3.0
292,29,27,3.0
293,29,0,3.0
293,29,3,3.0
293,29,6,3.0
293,29,9,3.0
293,29,12,3.0
293,29,15,3.0
293,29,18,3.0
293,29,21,3.0
293,29,24,3.0
293,29,27,3.0
294,29,0,3.0
294,29,3,3.0
294,29,6,3.0
294,29,9,3.0
294,29,12,3.0
294,29,15,3.0
294,29,18,3.0
294,29,21,3.0
294,29,24,3.0
294,29,27,3.0
295,29,0,3.0
295,29,3,3.0
295,29,6,3.0
295,29,9,3.0
295,29,12,3.0
295,29,15,3.0
295,29,18,3.0
295,29,21,3.0
295,29,24,3.0
295,29,27,3.0
296,29,0,3.0
296,29,3,3.0
296,29,6,3.0
296,29,9,3.0
296,29,12,3.0
296,29,15,3.0
296,29,18,3.0
296,29,21,3.0
296,29,24,3.0
296,29,27,3.0
297,29,0,3.0
297,29,3,3.0
297,29,6,3.0
297,29,9,3.0
297,29,12,3.0
297,29,15,3.0
297,29,18,3.0
297,29,21,3.0
297,29,24,3.0
297,29,27,3.0
298,29,0,3.0
298,29,3,3.0
298,29,6,3.0
298,29,9,3.0
298,29,12,3.0
298,29,15,3.0
298,29,18,3.0
298,29,21,3.0
298,29,24,3.0
298,29,27,3.0
299,29,0,3.0
299,29,3,3.0
299,29,6,3.0
299,29,9,3.0
299,29,12,3.0
299,29,15,3.0
299,29,18,3.0
299,29,21,3.0
299,29,24,3.0
299,29,27,3.0
